start,end,duration,pitch,velocity,instrument,instr program,midi channel
1.15,1.412,0.262,59,52,Fingers,24,0
1.45,1.712,0.262,59,58,Fingers,24,0
1.75,2.012,0.262,59,61,Fingers,24,0
2.05,2.3120000000000003,0.262,59,62,Fingers,24,0
2.35,2.612,0.262,59,59,Fingers,24,0
2.65,2.912,0.262,59,53,Fingers,24,0
2.95,3.212,0.262,59,56,Fingers,24,0
3.25,3.512,0.262,59,60,Fingers,24,0
3.55,3.812,0.262,59,61,Fingers,24,0
3.85,4.112,0.262,59,60,Fingers,24,0
4.15,4.412,0.262,59,56,Fingers,24,0
4.45,4.712,0.262,59,52,Fingers,24,0
4.75,5.012,0.262,59,57,Fingers,24,0
5.05,5.312,0.262,59,61,Fingers,24,0
5.35,5.612,0.262,59,61,Fingers,24,0
5.65,5.912,0.262,59,61,Fingers,24,0
5.95,6.212,0.262,59,62,Fingers,24,0
6.25,6.512,0.262,59,65,Fingers,24,0
6.55,6.812,0.262,59,66,Fingers,24,0
6.85,7.112,0.262,59,63,Fingers,24,0
7.15,7.412,0.263,59,60,Fingers,24,0
7.45,7.712,0.262,59,56,Fingers,24,0
7.75,8.012,0.262,59,55,Fingers,24,0
8.05,8.312000000000001,0.262,59,52,Fingers,24,0
8.35,8.612,0.262,59,54,Fingers,24,0
8.65,8.912,0.262,59,60,Fingers,24,0
8.949,9.211,0.262,59,62,Fingers,24,0
9.25,9.512,0.262,59,61,Fingers,24,0
9.55,9.812,0.262,59,58,Fingers,24,0
9.85,10.112,0.262,59,53,Fingers,24,0
10.15,10.412,0.262,59,54,Fingers,24,0
10.45,10.712,0.262,59,59,Fingers,24,0
10.75,11.012,0.262,59,60,Fingers,24,0
11.05,11.312,0.262,59,60,Fingers,24,0
11.35,11.612,0.262,59,59,Fingers,24,0
11.65,11.912,0.262,59,55,Fingers,24,0
11.95,12.212,0.262,59,52,Fingers,24,0
12.25,12.512,0.262,59,60,Fingers,24,0
12.55,12.812,0.262,59,63,Fingers,24,0
12.85,13.112,0.262,59,64,Fingers,24,0
13.15,13.412,0.262,59,61,Fingers,24,0
13.45,13.712,0.262,59,60,Fingers,24,0
13.75,14.012,0.262,59,63,Fingers,24,0
14.05,14.317,0.267,59,63,Fingers,24,0
14.355,14.627,0.272,59,59,Fingers,24,0
14.666,14.946,0.281,59,58,Fingers,24,0
14.987,15.279,0.292,59,55,Fingers,24,0
15.322,15.601,0.279,59,54,Fingers,24,0
15.638,15.9,0.263,59,61,Fingers,24,0
15.938,16.2,0.262,59,65,Fingers,24,0
16.237000000000002,16.5,0.263,59,65,Fingers,24,0
16.538,16.8,0.262,59,64,Fingers,24,0
16.837,17.1,0.263,59,61,Fingers,24,0
17.138,17.4,0.262,59,60,Fingers,24,0
17.438,17.7,0.262,59,66,Fingers,24,0
17.738,18.0,0.262,59,67,Fingers,24,0
18.038,18.3,0.262,59,68,Fingers,24,0
18.338,18.6,0.263,59,67,Fingers,24,0
18.638,18.9,0.262,59,65,Fingers,24,0
18.938,19.2,0.262,59,60,Fingers,24,0
19.238,19.5,0.262,59,60,Fingers,24,0
19.538,19.8,0.262,59,63,Fingers,24,0
19.838,20.1,0.263,59,64,Fingers,24,0
20.138,20.4,0.262,59,64,Fingers,24,0
20.438,20.7,0.262,59,63,Fingers,24,0
20.738,21.0,0.262,59,66,Fingers,24,0
21.038,21.3,0.262,59,67,Fingers,24,0
21.338,21.6,0.263,59,67,Fingers,24,0
21.638,21.9,0.262,59,68,Fingers,24,0
21.938,22.2,0.262,59,69,Fingers,24,0
22.238,22.5,0.262,59,69,Fingers,24,0
22.538,22.8,0.262,59,65,Fingers,24,0
22.838,23.1,0.263,59,59,Fingers,24,0
23.138,23.4,0.262,59,61,Fingers,24,0
23.438,23.7,0.262,59,66,Fingers,24,0
23.738,24.0,0.262,59,65,Fingers,24,0
24.038,24.3,0.262,59,61,Fingers,24,0
24.338,24.6,0.263,59,57,Fingers,24,0
24.638,24.9,0.262,59,66,Fingers,24,0
24.938,25.2,0.262,59,72,Fingers,24,0
25.238,25.5,0.262,59,70,Fingers,24,0
25.538,25.8,0.262,59,66,Fingers,24,0
25.838,26.1,0.263,59,63,Fingers,24,0
26.138,26.4,0.262,59,62,Fingers,24,0
26.438,26.7,0.262,59,61,Fingers,24,0
26.738,27.0,0.262,59,63,Fingers,24,0
27.037,27.3,0.263,59,64,Fingers,24,0
27.338,27.6,0.262,59,66,Fingers,24,0
27.638,27.9,0.262,59,67,Fingers,24,0
27.938,28.2,0.262,59,67,Fingers,24,0
28.238,28.5,0.262,59,67,Fingers,24,0
28.537,28.803,0.266,59,69,Fingers,24,0
28.843,29.117,0.274,59,70,Fingers,24,0
29.156,29.441,0.285,59,71,Fingers,24,0
29.482,29.78,0.298,59,72,Fingers,24,0
29.824,30.045,0.221,59,75,Fingers,24,0
30.114,30.263,0.149,59,75,Fingers,24,0
30.227,30.364,0.137,71,75,Fingers,24,0
30.427,30.564,0.137,59,75,Fingers,24,0
30.527,30.664,0.137,71,75,Fingers,24,0
30.727,30.864,0.137,59,75,Fingers,24,0
30.827,30.964,0.137,71,75,Fingers,24,0
31.027,31.164,0.137,59,75,Fingers,24,0
31.127,31.264,0.137,71,75,Fingers,24,0
31.327,31.464,0.137,59,75,Fingers,24,0
31.427,31.572,0.146,71,75,Fingers,24,0
31.644,31.799,0.156,59,75,Fingers,24,0
31.757,31.907,0.151,71,75,Fingers,24,0
31.971,32.108000000000004,0.137,59,75,Fingers,24,0
32.071,32.208,0.137,71,75,Fingers,24,0
32.271,32.408,0.137,59,75,Fingers,24,0
32.370999999999995,32.508,0.137,71,75,Fingers,24,0
32.571,32.708,0.137,59,75,Fingers,24,0
32.671,32.808,0.137,71,75,Fingers,24,0
32.871,33.008,0.137,59,75,Fingers,24,0
32.971,33.108,0.137,71,75,Fingers,24,0
33.171,33.309,0.139,59,75,Fingers,24,0
33.271,33.423,0.153,71,75,Fingers,24,0
33.496,33.653,0.157,59,75,Fingers,24,0
33.61,33.758,0.148,71,75,Fingers,24,0
33.821,33.958,0.137,59,74,Fingers,24,0
33.921,34.058,0.137,71,74,Fingers,24,0
34.121,34.258,0.137,59,74,Fingers,24,0
34.221,34.358,0.137,71,74,Fingers,24,0
34.421,34.558,0.137,59,74,Fingers,24,0
34.521,34.658,0.137,71,74,Fingers,24,0
34.721,34.858,0.137,59,74,Fingers,24,0
34.821,34.958,0.137,71,74,Fingers,24,0
35.021,35.158,0.137,59,73,Fingers,24,0
35.121,35.258,0.137,71,73,Fingers,24,0
35.321,35.458,0.137,59,73,Fingers,24,0
35.421,35.558,0.137,71,73,Fingers,24,0
35.621,35.758,0.137,59,73,Fingers,24,0
35.721,35.858,0.137,71,73,Fingers,24,0
35.921,36.058,0.137,59,73,Fingers,24,0
36.021,36.158,0.137,71,73,Fingers,24,0
36.221,36.358,0.137,59,73,Fingers,24,0
36.321,36.458,0.137,71,73,Fingers,24,0
36.521,36.658,0.137,59,74,Fingers,24,0
36.621,36.758,0.137,71,74,Fingers,24,0
36.821,36.958,0.137,59,74,Fingers,24,0
36.921,37.067,0.146,71,74,Fingers,24,0
37.139,37.295,0.157,59,74,Fingers,24,0
37.253,37.404,0.152,71,74,Fingers,24,0
37.467,37.604,0.137,59,74,Fingers,24,0
37.567,37.704,0.138,71,74,Fingers,24,0
37.767,37.904,0.138,59,74,Fingers,24,0
37.867,38.004,0.137,71,74,Fingers,24,0
38.067,38.204,0.138,59,74,Fingers,24,0
38.167,38.304,0.138,71,74,Fingers,24,0
38.367,38.504,0.137,59,74,Fingers,24,0
38.467,38.604,0.137,71,74,Fingers,24,0
38.667,38.805,0.139,59,74,Fingers,24,0
38.767,38.918,0.152,71,74,Fingers,24,0
38.989,39.142,0.154,59,74,Fingers,24,0
39.101,39.253,0.153,71,74,Fingers,24,0
39.316,39.453,0.137,59,73,Fingers,24,0
39.416,39.553,0.137,71,73,Fingers,24,0
39.615,39.752,0.137,59,73,Fingers,24,0
39.714,39.851,0.137,71,73,Fingers,24,0
39.912,40.049,0.137,59,73,Fingers,24,0
40.012,40.149,0.137,71,73,Fingers,24,0
40.212,40.349,0.137,59,74,Fingers,24,0
40.311,40.448,0.137,71,74,Fingers,24,0
40.51,40.656,0.146,59,74,Fingers,24,0
40.614,40.77,0.157,71,74,Fingers,24,0
40.842,40.998,0.157,59,75,Fingers,24,0
40.956,41.114,0.158,71,71,Fingers,24,0
41.178,41.315,0.137,59,71,Fingers,24,0
41.278,41.415,0.137,71,72,Fingers,24,0
41.478,41.615,0.137,59,72,Fingers,24,0
41.578,41.715,0.137,71,73,Fingers,24,0
41.778,41.915,0.137,59,73,Fingers,24,0
41.878,42.015,0.137,71,73,Fingers,24,0
42.078,42.215,0.137,59,74,Fingers,24,0
42.178,42.315,0.137,71,74,Fingers,24,0
42.378,42.515,0.137,59,75,Fingers,24,0
42.478,42.615,0.137,71,75,Fingers,24,0
42.678,42.815,0.137,59,75,Fingers,24,0
42.778,42.915,0.137,71,75,Fingers,24,0
42.978,43.115,0.137,59,75,Fingers,24,0
43.078,43.215,0.137,71,75,Fingers,24,0
43.278,43.415,0.137,59,76,Fingers,24,0
43.378,43.515,0.137,71,76,Fingers,24,0
43.578,43.715,0.137,59,76,Fingers,24,0
43.678,43.815,0.137,71,78,Fingers,24,0
43.878,44.015,0.137,59,80,Fingers,24,0
43.978,44.121,0.144,71,81,Fingers,24,0
44.192,44.344,0.153,59,83,Fingers,24,0
44.303,44.455,0.153,71,84,Fingers,24,0
44.525,44.678,0.153,59,87,Fingers,24,0
44.636,44.827,0.191,71,89,Fingers,24,0
44.906,45.057,0.152,59,90,Fingers,24,0
45.017,45.142,0.125,71,90,Fingers,24,0
45.239,45.39,0.152,59,91,Fingers,24,0
45.35,45.498,0.148,71,91,Fingers,24,0
45.56,45.697,0.137,59,91,Fingers,24,0
45.66,45.797,0.138,71,91,Fingers,24,0
45.86,45.997,0.138,59,90,Fingers,24,0
45.96,46.098,0.139,71,90,Fingers,24,0
46.169,46.32,0.152,59,90,Fingers,24,0
46.28,46.432,0.153,71,90,Fingers,24,0
46.502,46.654,0.153,59,89,Fingers,24,0
46.612,46.802,0.19,71,89,Fingers,24,0
46.883,47.034,0.152,59,89,Fingers,24,0
46.993,47.117,0.124,71,89,Fingers,24,0
47.214,47.365,0.152,59,89,Fingers,24,0
47.325,47.473,0.148,71,89,Fingers,24,0
47.535,47.672,0.138,59,89,Fingers,24,0
47.635,47.772,0.138,71,89,Fingers,24,0
47.835,47.972,0.137,59,89,Fingers,24,0
47.935,48.073,0.139,71,89,Fingers,24,0
48.143,48.295,0.153,59,89,Fingers,24,0
48.255,48.406,0.152,71,89,Fingers,24,0
48.477,48.629,0.153,59,89,Fingers,24,0
48.588,48.773,0.186,71,90,Fingers,24,0
48.85,49.003,0.153,59,90,Fingers,24,0
48.961,49.086,0.126,71,90,Fingers,24,0
49.185,49.336,0.152,59,91,Fingers,24,0
49.295,49.445,0.151,71,91,Fingers,24,0
49.508,49.645,0.137,59,91,Fingers,24,0
49.607,49.744,0.137,71,91,Fingers,24,0
49.806,49.938,0.132,59,91,Fingers,24,0
49.902,50.034,0.133,71,91,Fingers,24,0
50.095,50.228,0.133,59,91,Fingers,24,0
50.192,50.324,0.133,71,91,Fingers,24,0
50.385,50.518,0.133,59,92,Fingers,24,0
50.482,50.615,0.133,71,92,Fingers,24,0
50.675,50.808,0.133,59,92,Fingers,24,0
50.772,50.905,0.133,71,92,Fingers,24,0
50.965,51.097,0.133,59,93,Fingers,24,0
51.062,51.194,0.132,71,93,Fingers,24,0
51.255,51.392,0.137,59,93,Fingers,24,0
51.354,51.491,0.137,71,93,Fingers,24,0
51.553,51.689,0.136,59,93,Fingers,24,0
51.652,51.794,0.143,71,93,Fingers,24,0
51.864,52.015,0.152,59,93,Fingers,24,0
51.974,52.126,0.152,71,93,Fingers,24,0
52.195,52.346,0.152,59,93,Fingers,24,0
52.306,52.503,0.197,71,93,Fingers,24,0
52.582,52.734,0.153,59,93,Fingers,24,0
52.693,52.818,0.126,71,93,Fingers,24,0
52.917,53.069,0.153,59,94,Fingers,24,0
53.028,53.18,0.153,71,94,Fingers,24,0
53.243,53.38,0.138,59,96,Fingers,24,0
53.343,53.48,0.137,71,96,Fingers,24,0
53.543,53.68,0.138,59,97,Fingers,24,0
53.643,53.784,0.142,71,97,Fingers,24,0
53.854,54.006,0.153,59,98,Fingers,24,0
53.965,54.117,0.153,71,99,Fingers,24,0
54.188,54.339,0.152,59,99,Fingers,24,0
54.299,54.497,0.198,71,99,Fingers,24,0
54.581,54.733,0.153,59,99,Fingers,24,0
54.692,54.817,0.125,71,99,Fingers,24,0
54.914,55.067,0.154,59,99,Fingers,24,0
55.026,55.174,0.149,71,99,Fingers,24,0
55.238,55.374,0.137,59,99,Fingers,24,0
55.338,55.474,0.137,71,98,Fingers,24,0
55.538,55.674,0.137,59,98,Fingers,24,0
55.637,55.776,0.139,71,98,Fingers,24,0
55.846,55.997,0.152,59,97,Fingers,24,0
55.956,56.107,0.152,71,97,Fingers,24,0
56.177,56.328,0.152,59,97,Fingers,24,0
56.288,56.479,0.192,71,97,Fingers,24,0
56.561,56.714,0.153,59,97,Fingers,24,0
56.672,56.797,0.125,71,97,Fingers,24,0
56.895,57.046,0.152,59,97,Fingers,24,0
57.005,57.155,0.151,71,97,Fingers,24,0
57.219,57.356,0.137,59,97,Fingers,24,0
57.319,57.456,0.137,71,97,Fingers,24,0
57.519,57.656,0.137,59,97,Fingers,24,0
57.619,57.756,0.137,71,97,Fingers,24,0
57.819,57.956,0.137,59,97,Fingers,24,0
57.919,58.056,0.137,71,97,Fingers,24,0
58.119,58.256,0.137,59,97,Fingers,24,0
58.219,58.356,0.137,71,98,Fingers,24,0
58.419,58.556,0.137,59,100,Fingers,24,0
58.519,58.656,0.137,71,100,Fingers,24,0
58.719,58.856,0.137,59,100,Fingers,24,0
58.819,58.956,0.137,71,100,Fingers,24,0
59.019,59.156,0.137,59,99,Fingers,24,0
59.119,59.256,0.137,71,99,Fingers,24,0
59.319,59.456,0.137,59,98,Fingers,24,0
59.419,59.556,0.138,71,98,Fingers,24,0
59.626,59.777,0.152,59,99,Fingers,24,0
59.737,59.889,0.152,71,99,Fingers,24,0
59.958,60.109,0.152,59,99,Fingers,24,0
60.068,60.296,0.229,71,99,Fingers,24,0
60.397,60.595,0.198,59,111,Fingers,24,0
60.547,60.722,0.175,71,110,Fingers,24,0
60.796,60.952,0.156,59,109,Fingers,24,0
60.911,61.055,0.144,71,109,Fingers,24,0
61.117,61.254,0.137,59,109,Fingers,24,0
61.217,61.353,0.136,71,109,Fingers,24,0
61.416,61.552,0.136,59,109,Fingers,24,0
61.515,61.652,0.137,71,108,Fingers,24,0
61.723,61.876,0.153,59,108,Fingers,24,0
61.834,61.986,0.153,71,108,Fingers,24,0
62.056,62.21,0.155,59,109,Fingers,24,0
62.167,62.382,0.216,71,109,Fingers,24,0
62.493,62.677,0.184,59,109,Fingers,24,0
62.63,62.791,0.161,71,109,Fingers,24,0
62.854,62.992,0.139,59,109,Fingers,24,0
62.955,63.092,0.138,71,109,Fingers,24,0
63.156,63.293,0.137,59,109,Fingers,24,0
63.256,63.394,0.139,71,109,Fingers,24,0
63.457,63.595,0.139,59,108,Fingers,24,0
63.558,63.696,0.139,71,108,Fingers,24,0
63.766,63.917,0.152,59,108,Fingers,24,0
63.877,64.02799999999999,0.152,71,108,Fingers,24,0
64.098,64.249,0.152,59,108,Fingers,24,0
64.208,64.39500000000001,0.187,71,108,Fingers,24,0
64.485,64.636,0.152,59,108,Fingers,24,0
64.599,64.737,0.138,71,108,Fingers,24,0
64.801,64.981,0.18,59,108,Fingers,24,0
64.918,65.081,0.164,71,110,Fingers,24,0
65.144,65.37,0.226,59,110,Fingers,24,0
65.245,65.639,0.394,71,110,Fingers,24,0
65.703,65.84,0.138,59,111,Fingers,24,0
65.803,65.94,0.138,71,111,Fingers,24,0
66.004,66.141,0.137,59,111,Fingers,24,0
66.104,66.242,0.137,71,111,Fingers,24,0
66.305,66.443,0.138,59,111,Fingers,24,0
66.405,66.543,0.138,71,111,Fingers,24,0
66.622,66.787,0.165,59,111,Fingers,24,0
66.75,66.888,0.138,71,111,Fingers,24,0
67.246,67.43,0.184,59,111,Fingers,24,0
67.392,67.53,0.137,71,111,Fingers,24,0
67.593,67.731,0.138,59,111,Fingers,24,0
67.694,67.832,0.138,71,111,Fingers,24,0
67.895,68.033,0.138,59,111,Fingers,24,0
67.995,68.137,0.142,71,110,Fingers,24,0
68.207,68.36,0.153,59,110,Fingers,24,0
68.318,68.471,0.153,71,110,Fingers,24,0
68.541,68.693,0.153,59,109,Fingers,24,0
68.652,68.861,0.21,71,109,Fingers,24,0
68.954,69.115,0.161,64,118,Fingers,24,0
69.073,69.224,0.151,72,118,Fingers,24,0
69.291,69.436,0.145,64,117,Fingers,24,0
69.396,69.541,0.145,72,117,Fingers,24,0
69.604,69.741,0.137,64,117,Fingers,24,0
69.704,69.906,0.203,72,117,Fingers,24,0
70.286,70.423,0.137,64,117,Fingers,24,0
70.385,70.524,0.139,72,117,Fingers,24,0
70.592,70.736,0.145,64,117,Fingers,24,0
70.696,70.842,0.146,72,117,Fingers,24,0
70.908,71.054,0.146,64,117,Fingers,24,0
71.015,71.244,0.23,72,117,Fingers,24,0
71.346,71.515,0.169,64,117,Fingers,24,0
71.469,71.626,0.157,72,117,Fingers,24,0
71.691,71.831,0.141,64,117,Fingers,24,0
71.793,71.932,0.139,72,118,Fingers,24,0
71.995,72.131,0.136,64,117,Fingers,24,0
72.094,72.231,0.137,72,117,Fingers,24,0
72.293,72.43,0.137,64,116,Fingers,24,0
72.393,72.531,0.137,72,116,Fingers,24,0
72.599,72.75,0.151,64,116,Fingers,24,0
72.709,72.86,0.151,72,116,Fingers,24,0
72.929,73.08,0.151,64,115,Fingers,24,0
73.04,73.266,0.227,72,115,Fingers,24,0
73.367,73.539,0.172,64,115,Fingers,24,0
73.492,73.646,0.154,72,115,Fingers,24,0
73.712,73.857,0.145,64,115,Fingers,24,0
73.817,73.96,0.143,72,115,Fingers,24,0
74.022,74.159,0.137,64,115,Fingers,24,0
74.122,74.258,0.136,72,116,Fingers,24,0
74.321,74.457,0.136,64,117,Fingers,24,0
74.42,74.557,0.137,72,117,Fingers,24,0
74.619,74.68,0.06,64,117,Fingers,24,0
74.671,74.727,0.056,72,117,Fingers,24,0
74.791,74.927,0.136,64,117,Fingers,24,0
74.89,75.027,0.137,72,117,Fingers,24,0
75.089,75.226,0.137,66,117,Fingers,24,0
75.189,75.324,0.136,72,117,Fingers,24,0
75.388,75.523,0.136,66,117,Fingers,24,0
75.486,75.623,0.137,72,117,Fingers,24,0
75.685,75.822,0.137,66,117,Fingers,24,0
75.785,75.921,0.136,72,117,Fingers,24,0
75.984,76.121,0.137,66,117,Fingers,24,0
76.083,76.223,0.14,72,117,Fingers,24,0
76.29,76.435,0.146,66,117,Fingers,24,0
76.395,76.542,0.147,72,117,Fingers,24,0
76.608,76.797,0.189,66,117,Fingers,24,0
76.729,76.986,0.257,72,117,Fingers,24,0
77.091,77.272,0.181,63,104,Fingers,24,0
77.226,77.376,0.149,71,104,Fingers,24,0
77.449,77.671,0.222,63,105,Fingers,24,0
77.628,77.771,0.143,71,105,Fingers,24,0
77.834,77.971,0.137,63,105,Fingers,24,0
77.934,79.201,1.266,71,105,Fingers,24,0
118.973,120.073,1.1,63,103,Fingers,24,0
144.954,145.707,0.754,63,103,Fingers,24,0
145.381,157.104,11.723,71,103,Fingers,24,0
160.703,161.315,0.612,64,116,Fingers,24,0
161.204,161.485,0.281,72,115,Fingers,24,0
161.548,163.691,2.142,64,115,Fingers,24,0
163.497,165.835,2.338,72,115,Fingers,24,0
167.18,167.617,0.437,64,115,Fingers,24,0
167.58,167.731,0.151,72,115,Fingers,24,0
167.975,168.173,0.198,64,115,Fingers,24,0
168.136,168.276,0.14,72,115,Fingers,24,0
168.342,168.489,0.147,64,115,Fingers,24,0
168.449,168.595,0.146,72,115,Fingers,24,0
168.661,168.808,0.147,64,114,Fingers,24,0
168.768,172.053,3.285,72,114,Fingers,24,0
174.21,174.414,0.204,63,104,Fingers,24,0
174.367,174.529,0.162,71,104,Fingers,24,0
174.604,176.447,1.843,63,104,Fingers,24,0
176.278,177.386,1.109,71,104,Fingers,24,0
184.64,185.287,0.647,63,104,Fingers,24,0
184.986,204.297,19.31,71,104,Fingers,24,0
289.596,289.742,0.146,63,104,Fingers,24,0
356.134,360.025,3.891,63,105,Fingers,24,0
358.648,360.256,1.608,71,105,Fingers,24,0
360.356,360.533,0.177,64,117,Fingers,24,0
360.488,360.647,0.159,72,117,Fingers,24,0
360.709,360.845,0.136,64,118,Fingers,24,0
360.808,360.944,0.136,72,117,Fingers,24,0
361.221,361.654,0.433,64,114,Fingers,24,0
361.617,361.753,0.136,72,113,Fingers,24,0
361.815,361.951,0.136,64,112,Fingers,24,0
361.914,362.05,0.136,72,111,Fingers,24,0
362.112,362.248,0.136,64,110,Fingers,24,0
362.211,362.347,0.136,72,109,Fingers,24,0
362.409,362.545,0.136,64,106,Fingers,24,0
362.508,362.716,0.208,72,105,Fingers,24,0
362.817,363.046,0.229,59,102,Fingers,24,0
363.008,363.138,0.13,71,101,Fingers,24,0
363.208,363.346,0.137,59,100,Fingers,24,0
363.308,363.446,0.137,71,100,Fingers,24,0
363.508,363.646,0.137,59,99,Fingers,24,0
363.608,364.101,0.492,71,99,Fingers,24,0
365.11,381.397,16.287,59,98,Fingers,24,0
381.359,381.496,0.137,71,98,Fingers,24,0
381.559,381.696,0.137,59,96,Fingers,24,0
381.659,381.796,0.137,71,96,Fingers,24,0
381.859,381.996,0.137,59,94,Fingers,24,0
381.959,382.096,0.138,71,94,Fingers,24,0
382.543,382.681,0.137,59,92,Fingers,24,0
382.643,382.781,0.137,71,91,Fingers,24,0
382.843,382.981,0.137,59,89,Fingers,24,0
382.943,383.081,0.138,71,89,Fingers,24,0
383.143,383.281,0.137,59,88,Fingers,24,0
383.243,383.381,0.137,71,87,Fingers,24,0
383.443,383.581,0.138,59,86,Fingers,24,0
383.543,383.681,0.137,71,86,Fingers,24,0
384.151,385.417,1.266,59,85,Fingers,24,0
385.379,386.37,0.991,71,84,Fingers,24,0
386.432,386.57,0.137,59,83,Fingers,24,0
386.532,386.782,0.25,71,82,Fingers,24,0
387.154,387.894,0.74,59,81,Fingers,24,0
387.856,387.994,0.137,71,81,Fingers,24,0
388.302,390.797,2.495,59,80,Fingers,24,0
390.759,390.896,0.137,71,80,Fingers,24,0
390.959,391.096,0.138,59,79,Fingers,24,0
391.059,392.217,1.158,71,78,Fingers,24,0
392.733,393.487,0.754,59,76,Fingers,24,0
393.45,393.588,0.137,71,75,Fingers,24,0
393.65,393.788,0.138,59,74,Fingers,24,0
393.75,393.888,0.137,71,73,Fingers,24,0
393.95,394.088,0.137,59,69,Fingers,24,0
394.05,394.196,0.146,71,69,Fingers,24,0
394.378,394.686,0.308,59,67,Fingers,24,0
394.648,394.786,0.137,71,66,Fingers,24,0
394.848,394.986,0.137,59,65,Fingers,24,0
394.948,395.086,0.137,71,64,Fingers,24,0
395.148,395.286,0.137,59,63,Fingers,24,0
395.248,395.386,0.137,71,62,Fingers,24,0
395.448,395.586,0.137,59,61,Fingers,24,0
395.548,395.686,0.138,71,60,Fingers,24,0
395.748,395.886,0.137,59,58,Fingers,24,0
395.848,395.986,0.137,71,57,Fingers,24,0
396.048,396.186,0.138,59,55,Fingers,24,0
396.148,396.286,0.137,71,55,Fingers,24,0
396.398,396.663,0.265,59,59,Fingers,24,0
396.698,396.973,0.274,59,59,Fingers,24,0
396.998,397.238,0.24,59,59,Fingers,24,0
397.298,397.558,0.26,59,60,Fingers,24,0
397.598,397.863,0.265,59,60,Fingers,24,0
397.898,398.188,0.29,59,60,Fingers,24,0
398.198,398.473,0.274,59,61,Fingers,24,0
398.498,398.778,0.28,59,61,Fingers,24,0
398.798,399.088,0.29,59,61,Fingers,24,0
399.098,399.378,0.28,59,62,Fingers,24,0
399.398,399.688,0.29,59,62,Fingers,24,0
396.248,399.718,3.47,47,59,Fingers,24,0
399.698,399.963,0.265,59,62,Fingers,24,0
399.998,400.238,0.24,59,63,Fingers,24,0
400.298,400.538,0.24,59,63,Fingers,24,0
400.598,400.838,0.24,59,63,Fingers,24,0
400.898,401.138,0.24,59,64,Fingers,24,0
401.198,401.438,0.24,59,64,Fingers,24,0
401.498,401.768,0.27,59,64,Fingers,24,0
401.798,402.038,0.24,59,65,Fingers,24,0
402.098,402.338,0.24,59,65,Fingers,24,0
402.398,402.638,0.24,59,65,Fingers,24,0
402.698,402.938,0.24,59,66,Fingers,24,0
402.998,403.238,0.24,59,66,Fingers,24,0
403.298,403.488,0.19,59,66,Fingers,24,0
403.548,403.648,0.099,63,67,Fingers,24,0
403.648,403.748,0.099,66,67,Fingers,24,0
403.848,403.948,0.1,63,67,Fingers,24,0
403.948,404.048,0.1,66,67,Fingers,24,0
404.148,404.248,0.099,63,67,Fingers,24,0
404.248,404.348,0.1,66,67,Fingers,24,0
404.448,404.548,0.1,63,68,Fingers,24,0
404.548,404.648,0.099,66,68,Fingers,24,0
404.748,404.848,0.099,63,68,Fingers,24,0
404.848,404.948,0.1,66,68,Fingers,24,0
405.048,405.148,0.099,63,68,Fingers,24,0
405.148,405.248,0.1,66,68,Fingers,24,0
405.348,405.448,0.1,67,69,Fingers,24,0
405.448,405.548,0.1,64,69,Fingers,24,0
405.648,405.748,0.1,67,69,Fingers,24,0
405.748,405.848,0.099,64,69,Fingers,24,0
405.948,406.048,0.1,67,69,Fingers,24,0
406.048,406.148,0.099,64,69,Fingers,24,0
406.248,406.348,0.099,67,70,Fingers,24,0
406.348,406.448,0.1,64,70,Fingers,24,0
406.548,406.648,0.099,67,70,Fingers,24,0
406.648,406.748,0.1,64,70,Fingers,24,0
406.848,406.948,0.1,67,70,Fingers,24,0
406.948,407.048,0.1,64,70,Fingers,24,0
407.148,407.248,0.1,63,70,Fingers,24,0
407.248,407.348,0.099,66,71,Fingers,24,0
407.448,407.548,0.1,63,71,Fingers,24,0
407.548,407.648,0.099,66,71,Fingers,24,0
407.748,407.848,0.099,63,71,Fingers,24,0
407.848,407.948,0.1,66,71,Fingers,24,0
408.048,408.148,0.099,63,71,Fingers,24,0
408.148,408.248,0.1,66,72,Fingers,24,0
408.348,408.448,0.1,63,72,Fingers,24,0
408.448,408.548,0.1,66,72,Fingers,24,0
408.648,408.748,0.1,63,72,Fingers,24,0
408.748,408.848,0.099,66,72,Fingers,24,0
408.948,409.048,0.1,67,72,Fingers,24,0
409.048,409.148,0.099,64,73,Fingers,24,0
409.248,409.348,0.099,67,73,Fingers,24,0
409.348,409.448,0.1,64,73,Fingers,24,0
409.548,409.648,0.099,67,73,Fingers,24,0
409.648,409.748,0.1,64,73,Fingers,24,0
409.848,409.948,0.1,67,73,Fingers,24,0
409.948,410.048,0.1,64,74,Fingers,24,0
410.148,410.248,0.1,67,74,Fingers,24,0
410.248,410.348,0.099,64,74,Fingers,24,0
410.448,410.548,0.1,67,74,Fingers,24,0
410.548,410.648,0.1,64,74,Fingers,24,0
410.748,410.848,0.099,63,74,Fingers,24,0
410.848,410.948,0.1,66,75,Fingers,24,0
411.048,411.148,0.1,63,75,Fingers,24,0
411.148,411.248,0.099,66,75,Fingers,24,0
411.348,411.448,0.1,63,75,Fingers,24,0
411.448,411.528,0.079,66,75,Fingers,24,0
411.606,411.706,0.1,63,75,Fingers,24,0
411.706,411.806,0.101,66,76,Fingers,24,0
411.912,412.016,0.104,63,76,Fingers,24,0
412.016,412.12,0.105,66,76,Fingers,24,0
412.226,412.33,0.105,63,76,Fingers,24,0
412.331,412.435,0.105,66,76,Fingers,24,0
412.547,412.658,0.111,63,76,Fingers,24,0
412.658,412.769,0.111,66,77,Fingers,24,0
412.88,412.991,0.111,63,77,Fingers,24,0
412.991,413.103,0.112,66,77,Fingers,24,0
413.221,413.338,0.117,63,77,Fingers,24,0
413.338,413.455,0.118,66,77,Fingers,24,0
413.659,413.776,0.117,63,77,Fingers,24,0
413.776,414.066,0.29,66,78,Fingers,24,0
414.193,414.318,0.126,63,78,Fingers,24,0
414.319,414.488,0.169,66,78,Fingers,24,0
414.615,414.741,0.127,63,78,Fingers,24,0
414.742,414.866,0.124,66,78,Fingers,24,0
1.3,1.56,0.26,59,73,Thumb,0,1
1.6,1.84,0.24,60,76,Thumb,0,1
1.9,2.1399999999999997,0.24,57,77,Thumb,0,1
1.0,2.44,1.44,52,71,Thumb,0,1
2.2,2.48,0.28,59,75,Thumb,0,1
2.5,2.74,0.24,55,72,Thumb,0,1
3.1,3.37,0.27,59,74,Thumb,0,1
3.4,3.64,0.24,60,77,Thumb,0,1
3.7,3.94,0.24,57,69,Thumb,0,1
2.8,4.24,1.44,52,70,Thumb,0,1
4.0,4.27,0.27,59,76,Thumb,0,1
4.3,4.54,0.24,55,73,Thumb,0,1
4.9,5.17,0.27,59,72,Thumb,0,1
5.2,5.48,0.28,60,72,Thumb,0,1
5.5,5.78,0.28,57,73,Thumb,0,1
4.599,6.039,1.44,52,71,Thumb,0,1
5.8,6.09,0.29,59,74,Thumb,0,1
6.1,6.34,0.24,55,78,Thumb,0,1
6.4,6.64,0.24,57,78,Thumb,0,1
6.7,6.94,0.24,54,76,Thumb,0,1
7.0,7.24,0.24,55,74,Thumb,0,1
7.3,7.54,0.24,57,73,Thumb,0,1
7.6,7.84,0.24,54,70,Thumb,0,1
7.9,8.14,0.24,55,69,Thumb,0,1
8.5,8.78,0.28,59,74,Thumb,0,1
8.8,9.04,0.24,60,75,Thumb,0,1
9.1,9.34,0.24,57,77,Thumb,0,1
8.2,9.64,1.44,52,71,Thumb,0,1
9.4,9.66,0.26,59,73,Thumb,0,1
9.7,9.94,0.24,55,71,Thumb,0,1
10.3,10.58,0.28,59,74,Thumb,0,1
10.6,10.87,0.27,60,74,Thumb,0,1
10.9,11.14,0.24,57,78,Thumb,0,1
10.0,11.44,1.44,52,72,Thumb,0,1
11.2,11.49,0.29,59,75,Thumb,0,1
11.5,11.74,0.24,55,72,Thumb,0,1
12.1,12.39,0.29,59,73,Thumb,0,1
12.4,12.699,0.299,60,73,Thumb,0,1
12.7,12.94,0.24,57,74,Thumb,0,1
11.8,13.24,1.44,52,73,Thumb,0,1
13.0,13.29,0.29,59,76,Thumb,0,1
13.3,13.54,0.24,55,78,Thumb,0,1
13.6,13.84,0.24,57,79,Thumb,0,1
13.9,14.14,0.24,54,79,Thumb,0,1
14.2,14.449,0.249,55,77,Thumb,0,1
14.511,14.76,0.249,52,76,Thumb,0,1
14.822,15.088,0.266,50,76,Thumb,0,1
15.155,15.421,0.267,48,76,Thumb,0,1
15.788,16.047,0.26,59,78,Thumb,0,1
16.088,16.326999999999998,0.24,60,78,Thumb,0,1
16.387999999999998,16.627,0.24,57,77,Thumb,0,1
15.487,16.927,1.44,47,78,Thumb,0,1
16.688,16.967,0.28,59,76,Thumb,0,1
16.988,17.227,0.24,54,75,Thumb,0,1
17.588,17.847,0.26,59,77,Thumb,0,1
17.888,18.127,0.24,60,77,Thumb,0,1
18.188,18.427,0.24,57,77,Thumb,0,1
17.288,18.727,1.44,47,75,Thumb,0,1
18.488,18.747,0.26,59,79,Thumb,0,1
18.788,19.027,0.24,54,77,Thumb,0,1
19.388,19.627,0.24,54,70,Thumb,0,1
19.688,19.927,0.24,57,69,Thumb,0,1
19.988,20.257,0.27,59,69,Thumb,0,1
20.288,20.527,0.24,60,69,Thumb,0,1
19.088,20.527,1.44,47,73,Thumb,0,1
20.588,20.827,0.24,62,69,Thumb,0,1
20.888,21.177,0.29,59,71,Thumb,0,1
21.188,21.427,0.24,60,73,Thumb,0,1
21.488,21.727,0.24,57,76,Thumb,0,1
21.788,22.057,0.27,59,77,Thumb,0,1
22.088,22.327,0.24,55,78,Thumb,0,1
22.388,22.627,0.24,54,78,Thumb,0,1
22.988,23.267,0.28,59,77,Thumb,0,1
23.288,23.527,0.24,60,75,Thumb,0,1
23.588,23.827,0.24,57,75,Thumb,0,1
22.688,24.127,1.44,47,79,Thumb,0,1
23.888,24.167,0.28,59,75,Thumb,0,1
24.188,24.427,0.24,54,75,Thumb,0,1
24.788,25.067,0.28,59,77,Thumb,0,1
25.088,25.377,0.29,60,79,Thumb,0,1
25.388,25.627,0.24,57,79,Thumb,0,1
24.488,25.927,1.44,47,75,Thumb,0,1
25.688,25.977,0.29,59,77,Thumb,0,1
25.988,26.227,0.24,54,75,Thumb,0,1
26.588,26.827,0.24,57,73,Thumb,0,1
26.888,27.167,0.28,59,73,Thumb,0,1
27.188,27.427,0.24,60,73,Thumb,0,1
27.488,27.727,0.24,62,73,Thumb,0,1
26.287,27.727,1.44,47,74,Thumb,0,1
27.787,28.077,0.29,59,73,Thumb,0,1
28.088,28.327,0.24,60,73,Thumb,0,1
28.388,28.627,0.24,57,73,Thumb,0,1
28.688,28.966,0.279,59,75,Thumb,0,1
28.998,29.252,0.254,55,77,Thumb,0,1
29.316,29.581,0.266,57,79,Thumb,0,1
29.649,29.928,0.279,54,82,Thumb,0,1
30.327,30.566,0.24,59,88,Thumb,0,1
29.998,30.667,0.669,52,83,Thumb,0,1
30.627,30.866,0.24,60,91,Thumb,0,1
30.927,31.166,0.24,57,91,Thumb,0,1
31.227,31.466,0.24,59,90,Thumb,0,1
29.998,31.467,1.469,40,83,Thumb,0,1
31.53,31.803,0.273,55,86,Thumb,0,1
32.171,32.41,0.24,59,92,Thumb,0,1
31.871,32.51,0.64,52,84,Thumb,0,1
32.471000000000004,32.71,0.24,60,94,Thumb,0,1
32.771,33.01,0.24,57,94,Thumb,0,1
33.071,33.312,0.242,59,92,Thumb,0,1
31.871,33.312,1.442,40,84,Thumb,0,1
33.382,33.656,0.274,55,88,Thumb,0,1
34.021,34.26,0.24,59,88,Thumb,0,1
33.721,34.351,0.63,52,85,Thumb,0,1
34.321,34.56,0.24,60,89,Thumb,0,1
34.621,34.86,0.24,57,92,Thumb,0,1
34.921,35.16,0.24,59,94,Thumb,0,1
33.721,35.16,1.44,40,85,Thumb,0,1
35.221,35.46,0.24,55,96,Thumb,0,1
35.521,35.76,0.24,57,99,Thumb,0,1
35.821,36.06,0.24,54,99,Thumb,0,1
36.121,36.36,0.24,55,97,Thumb,0,1
36.421,36.66,0.24,57,94,Thumb,0,1
36.721,36.96,0.24,54,92,Thumb,0,1
37.024,37.298,0.274,55,88,Thumb,0,1
37.667,37.906,0.24,59,86,Thumb,0,1
37.367,37.946,0.58,52,85,Thumb,0,1
37.967,38.206,0.24,60,91,Thumb,0,1
38.267,38.506,0.24,57,97,Thumb,0,1
38.567,38.808,0.242,59,95,Thumb,0,1
37.367,38.808,1.442,40,85,Thumb,0,1
38.877,39.145,0.269,55,92,Thumb,0,1
39.515,39.753,0.239,59,90,Thumb,0,1
39.214,39.803,0.59,52,89,Thumb,0,1
39.814,40.052,0.239,60,94,Thumb,0,1
40.112,40.351,0.239,57,98,Thumb,0,1
39.214,40.658,1.445,40,89,Thumb,0,1
40.411,40.659,0.248,59,95,Thumb,0,1
40.728,41.002,0.274,55,93,Thumb,0,1
41.378,41.617,0.24,59,89,Thumb,0,1
41.071,41.718,0.647,52,91,Thumb,0,1
41.678,41.917,0.24,60,92,Thumb,0,1
41.978,42.217,0.24,57,95,Thumb,0,1
42.278,42.517,0.24,59,98,Thumb,0,1
41.071,42.518,1.447,40,91,Thumb,0,1
42.578,42.817,0.24,55,101,Thumb,0,1
42.878,43.117,0.24,57,104,Thumb,0,1
43.178,43.417,0.24,54,105,Thumb,0,1
43.478,43.717,0.24,55,105,Thumb,0,1
43.778,44.017,0.24,52,105,Thumb,0,1
44.081,44.346,0.266,50,104,Thumb,0,1
44.414,44.68,0.267,48,103,Thumb,0,1
44.764,45.107,0.344,47,109,Thumb,0,1
44.856,45.128,0.272,59,110,Thumb,0,1
44.831,45.153,0.322,54,109,Thumb,0,1
44.893,45.207,0.315,63,110,Thumb,0,1
44.928,45.241,0.314,66,110,Thumb,0,1
44.983,45.317,0.334,71,110,Thumb,0,1
45.46,45.699,0.24,60,89,Thumb,0,1
45.76,45.999,0.24,57,95,Thumb,0,1
45.128,46.06,0.932,59,86,Thumb,0,1
46.391,46.657,0.267,54,102,Thumb,0,1
46.741,47.083,0.343,47,107,Thumb,0,1
46.06,47.104,1.044,59,99,Thumb,0,1
46.808,47.104,0.296,59,107,Thumb,0,1
46.774,47.106,0.332,54,107,Thumb,0,1
46.833,47.151,0.318,63,108,Thumb,0,1
46.858,47.172,0.315,66,109,Thumb,0,1
46.883,47.214,0.331,71,110,Thumb,0,1
47.435,47.674,0.24,60,84,Thumb,0,1
47.735,47.974,0.24,57,87,Thumb,0,1
47.104,48.035,0.931,59,77,Thumb,0,1
48.366,48.631,0.266,54,98,Thumb,0,1
48.035,48.765,0.73,59,89,Thumb,0,1
48.748,49.051,0.303,54,112,Thumb,0,1
48.715,49.053,0.339,47,112,Thumb,0,1
48.777,49.097,0.321,63,113,Thumb,0,1
48.79,49.108,0.319,66,113,Thumb,0,1
48.815,49.151,0.336,71,80,Thumb,0,1
49.073,49.339,0.266,54,85,Thumb,0,1
49.406,49.646,0.241,57,101,Thumb,0,1
48.765,49.707,0.942,59,112,Thumb,0,1
49.999,50.231,0.232,60,101,Thumb,0,1
50.289,50.52,0.232,62,104,Thumb,0,1
49.707,50.579,0.872,59,97,Thumb,0,1
50.868,51.099,0.232,60,109,Thumb,0,1
51.158,51.394,0.236,57,111,Thumb,0,1
50.579,51.453,0.874,59,107,Thumb,0,1
51.753,52.018,0.266,55,109,Thumb,0,1
52.085,52.349,0.265,54,106,Thumb,0,1
52.442,52.784,0.343,47,112,Thumb,0,1
51.453,52.805,1.352,59,111,Thumb,0,1
52.492,52.805,0.313,59,113,Thumb,0,1
52.475,52.808,0.333,54,113,Thumb,0,1
52.507,52.83,0.323,63,113,Thumb,0,1
52.534,52.853,0.319,66,114,Thumb,0,1
52.547,52.883,0.336,71,114,Thumb,0,1
53.14,53.382,0.243,60,99,Thumb,0,1
53.443,53.682,0.24,57,96,Thumb,0,1
52.805,53.743,0.938,59,87,Thumb,0,1
54.076,54.342,0.267,54,106,Thumb,0,1
53.743,54.485,0.742,59,100,Thumb,0,1
54.435,54.784,0.349,47,111,Thumb,0,1
54.451,54.794,0.344,54,111,Thumb,0,1
54.485,54.803,0.318,59,111,Thumb,0,1
54.517,54.839,0.322,63,112,Thumb,0,1
54.557,54.872,0.316,66,112,Thumb,0,1
54.592,54.926,0.334,71,112,Thumb,0,1
55.137,55.377,0.24,60,95,Thumb,0,1
55.438,55.677,0.24,57,91,Thumb,0,1
54.803,55.738,0.935,59,85,Thumb,0,1
56.067,56.331,0.265,54,104,Thumb,0,1
55.738,56.468,0.73,59,97,Thumb,0,1
56.418,56.764,0.346,47,112,Thumb,0,1
56.451,56.784,0.333,54,112,Thumb,0,1
56.476,56.802,0.327,63,112,Thumb,0,1
56.49,56.814,0.324,66,112,Thumb,0,1
56.51,56.849,0.34,71,113,Thumb,0,1
57.116,57.358,0.243,57,88,Thumb,0,1
56.468,57.419,0.951,59,112,Thumb,0,1
57.719,57.958,0.24,60,88,Thumb,0,1
58.019,58.258,0.24,62,89,Thumb,0,1
57.419,58.319,0.9,59,86,Thumb,0,1
58.619,58.858,0.24,60,98,Thumb,0,1
58.919,59.158,0.24,57,102,Thumb,0,1
58.319,59.219,0.9,59,94,Thumb,0,1
59.519,59.781,0.262,55,108,Thumb,0,1
59.847,60.112,0.266,57,110,Thumb,0,1
59.219,60.272,1.053,59,105,Thumb,0,1
60.252,60.617,0.366,55,121,Thumb,0,1
60.282,60.636,0.355,76,121,Thumb,0,1
60.272,60.676,0.404,59,121,Thumb,0,1
61.018,61.255,0.238,60,113,Thumb,0,1
60.223,61.54,1.317,40,121,Thumb,0,1
61.316,61.554,0.239,57,112,Thumb,0,1
60.676,61.615,0.939,59,107,Thumb,0,1
61.945,62.214,0.269,55,112,Thumb,0,1
61.615,62.358,0.743,59,111,Thumb,0,1
62.348,62.704,0.356,55,119,Thumb,0,1
62.398,62.733,0.335,76,119,Thumb,0,1
62.358,62.751,0.393,59,119,Thumb,0,1
63.055,63.296,0.242,60,116,Thumb,0,1
62.308,63.582,1.274,40,119,Thumb,0,1
63.357,63.597,0.241,57,121,Thumb,0,1
62.751,63.658,0.907,59,114,Thumb,0,1
63.987,64.253,0.266,55,113,Thumb,0,1
63.658,64.39,0.732,59,118,Thumb,0,1
64.34899999999999,64.655,0.306,55,120,Thumb,0,1
64.38,64.669,0.29,76,120,Thumb,0,1
64.39,64.7,0.31,59,121,Thumb,0,1
65.044,65.391,0.347,60,116,Thumb,0,1
64.319,65.827,1.508,40,120,Thumb,0,1
65.602,65.842,0.241,57,111,Thumb,0,1
64.7,65.904,1.204,59,112,Thumb,0,1
66.204,66.445,0.241,55,113,Thumb,0,1
66.506,66.79,0.283,57,112,Thumb,0,1
56.784,66.85,10.066,54,82,Thumb,0,1
67.493,67.734,0.241,55,116,Thumb,0,1
67.794,68.035,0.241,57,120,Thumb,0,1
66.85,68.096,1.246,54,114,Thumb,0,1
68.429,68.696,0.267,55,125,Thumb,0,1
68.785,69.118,0.333,48,127,Thumb,0,1
68.816,69.135,0.32,55,127,Thumb,0,1
68.836,69.147,0.311,58,127,Thumb,0,1
68.846,69.153,0.307,64,127,Thumb,0,1
68.856,69.158,0.302,67,127,Thumb,0,1
68.867,69.165,0.298,76,127,Thumb,0,1
69.185,69.439,0.254,60,107,Thumb,0,1
69.503,69.743,0.241,62,119,Thumb,0,1
65.904,69.803,3.899,59,113,Thumb,0,1
70.485,70.739,0.254,60,117,Thumb,0,1
70.803,71.056,0.254,55,120,Thumb,0,1
71.168,71.519,0.351,48,124,Thumb,0,1
71.208,71.543,0.335,55,124,Thumb,0,1
71.218,71.549,0.331,58,124,Thumb,0,1
71.229,71.556,0.328,64,124,Thumb,0,1
71.239,71.562,0.324,67,124,Thumb,0,1
71.259,71.572,0.312,76,124,Thumb,0,1
71.588,71.834,0.247,60,98,Thumb,0,1
71.895,72.134,0.239,62,116,Thumb,0,1
69.803,72.194,2.392,59,113,Thumb,0,1
72.492,72.753,0.261,60,112,Thumb,0,1
72.819,73.083,0.264,55,118,Thumb,0,1
73.195,73.542,0.347,48,127,Thumb,0,1
73.226,73.559,0.334,55,127,Thumb,0,1
73.245,73.57,0.325,58,127,Thumb,0,1
73.262,73.581,0.319,64,127,Thumb,0,1
73.286,73.596,0.31,67,127,Thumb,0,1
73.31,73.612,0.302,76,127,Thumb,0,1
73.607,73.859,0.252,60,114,Thumb,0,1
73.923,74.161,0.237,62,116,Thumb,0,1
72.194,74.221,2.027,59,108,Thumb,0,1
74.52,74.68,0.16,60,110,Thumb,0,1
74.695,74.929,0.234,55,98,Thumb,0,1
74.99,75.227,0.237,57,108,Thumb,0,1
68.096,75.288,7.191,54,123,Thumb,0,1
75.586,75.824,0.238,55,108,Thumb,0,1
75.884,76.123,0.239,57,105,Thumb,0,1
76.183,76.438,0.255,52,109,Thumb,0,1
75.288,76.503,1.215,54,96,Thumb,0,1
76.503,76.951,0.448,54,114,Thumb,0,1
74.221,76.961,2.74,59,104,Thumb,0,1
76.911,77.274,0.364,47,123,Thumb,0,1
76.981,77.314,0.333,63,123,Thumb,0,1
77.001,77.326,0.325,66,123,Thumb,0,1
76.961,77.342,0.381,59,123,Thumb,0,1
77.019,77.404,0.385,71,123,Thumb,0,1
77.734,77.974,0.24,60,117,Thumb,0,1
146.037,161.327,15.29,48,127,Thumb,0,1
146.067,161.396,15.329,55,127,Thumb,0,1
148.92,161.407,12.487,58,127,Thumb,0,1
148.92,161.407,12.487,67,127,Thumb,0,1
152.33,161.413,9.083,64,127,Thumb,0,1
156.081,161.419,5.338,76,127,Thumb,0,1
161.448,163.694,2.245,60,106,Thumb,0,1
165.36,167.62,2.26,62,115,Thumb,0,1
168.236,168.491,0.255,60,118,Thumb,0,1
168.555,168.81,0.255,55,123,Thumb,0,1
167.68,168.939,1.258,59,107,Thumb,0,1
168.898,174.417,5.519,47,126,Thumb,0,1
168.939,174.442,5.504,63,126,Thumb,0,1
169.029,174.448,5.42,66,126,Thumb,0,1
168.939,174.492,5.554,59,126,Thumb,0,1
169.029,174.523,5.495,71,126,Thumb,0,1
176.51,185.314,8.804,60,113,Thumb,0,1
360.181,360.536,0.355,48,127,Thumb,0,1
360.211,360.555,0.344,55,127,Thumb,0,1
360.221,360.56,0.34,58,127,Thumb,0,1
360.221,360.56,0.34,64,127,Thumb,0,1
360.241,360.573,0.332,67,127,Thumb,0,1
360.241,360.573,0.332,76,127,Thumb,0,1
360.61,360.847,0.237,60,111,Thumb,0,1
360.907,361.656,0.749,62,119,Thumb,0,1
362.013,362.25,0.237,60,125,Thumb,0,1
362.31,362.547,0.237,55,127,Thumb,0,1
361.716,362.692,0.976,59,114,Thumb,0,1
362.642,363.048,0.406,47,127,Thumb,0,1
362.682,363.068,0.386,63,127,Thumb,0,1
362.702,363.078,0.376,66,127,Thumb,0,1
362.692,363.108,0.416,59,127,Thumb,0,1
362.702,363.138,0.436,71,127,Thumb,0,1
363.408,363.648,0.24,60,119,Thumb,0,1
363.708,381.399,17.691,58,112,Thumb,0,1
363.108,381.459,18.351,59,112,Thumb,0,1
381.759,381.998,0.24,55,110,Thumb,0,1
382.059,382.683,0.624,57,114,Thumb,0,1
383.043,383.283,0.24,55,106,Thumb,0,1
383.343,383.583,0.24,57,105,Thumb,0,1
382.743,383.643,0.9,54,107,Thumb,0,1
386.292,386.572,0.28,55,98,Thumb,0,1
386.632,387.896,1.264,52,91,Thumb,0,1
383.643,387.956,4.313,54,101,Thumb,0,1
390.859,391.098,0.24,55,89,Thumb,0,1
392.065,393.49,1.424,57,88,Thumb,0,1
387.956,393.55,5.594,54,90,Thumb,0,1
393.849,394.089,0.24,55,77,Thumb,0,1
394.15,394.689,0.539,52,73,Thumb,0,1
393.55,394.748,1.198,54,87,Thumb,0,1
395.048,395.288,0.24,55,69,Thumb,0,1
395.348,395.588,0.24,52,66,Thumb,0,1
395.648,395.888,0.24,50,64,Thumb,0,1
395.948,396.188,0.24,48,61,Thumb,0,1
381.459,396.548,15.09,59,115,Thumb,0,1
396.848,397.103,0.255,60,78,Thumb,0,1
397.148,397.393,0.245,57,78,Thumb,0,1
396.548,397.448,0.9,59,78,Thumb,0,1
397.748,398.003,0.255,55,78,Thumb,0,1
398.054,398.304,0.25,57,78,Thumb,0,1
397.448,398.348,0.9,59,78,Thumb,0,1
398.648,398.903,0.255,60,78,Thumb,0,1
398.948,399.193,0.245,57,78,Thumb,0,1
398.348,399.248,0.9,59,78,Thumb,0,1
396.248,399.488,3.24,47,78,Thumb,0,1
399.548,399.808,0.26,55,78,Thumb,0,1
399.848,400.083,0.235,52,78,Thumb,0,1
394.748,400.148,5.4,54,72,Thumb,0,1
400.448,400.693,0.245,55,78,Thumb,0,1
400.748,401.003,0.255,57,78,Thumb,0,1
400.148,401.048,0.9,54,78,Thumb,0,1
401.348,401.593,0.245,55,78,Thumb,0,1
401.648,401.903,0.255,52,78,Thumb,0,1
401.048,401.948,0.9,54,78,Thumb,0,1
402.248,402.493,0.245,55,78,Thumb,0,1
402.548,402.803,0.255,52,78,Thumb,0,1
402.848,403.083,0.235,50,78,Thumb,0,1
403.148,403.383,0.235,48,78,Thumb,0,1
401.948,403.748,1.8,54,78,Thumb,0,1
399.248,404.048,4.8,59,78,Thumb,0,1
404.348,404.591,0.243,60,78,Thumb,0,1
404.648,404.883,0.235,58,78,Thumb,0,1
404.048,404.948,0.9,59,78,Thumb,0,1
403.448,405.213,1.765,47,78,Thumb,0,1
405.548,405.801,0.253,55,78,Thumb,0,1
405.848,406.088,0.24,60,78,Thumb,0,1
406.148,406.378,0.23,62,78,Thumb,0,1
404.948,406.448,1.5,59,78,Thumb,0,1
405.248,406.981,1.733,47,78,Thumb,0,1
406.748,406.991,0.243,60,78,Thumb,0,1
403.748,407.348,3.6,54,78,Thumb,0,1
406.448,407.648,1.2,59,78,Thumb,0,1
407.948,408.146,0.198,60,78,Thumb,0,1
408.248,408.446,0.198,58,78,Thumb,0,1
407.648,408.548,0.9,59,78,Thumb,0,1
407.048,408.741,1.693,47,78,Thumb,0,1
409.148,409.346,0.198,55,78,Thumb,0,1
409.448,409.646,0.198,60,78,Thumb,0,1
409.748,409.946,0.198,62,78,Thumb,0,1
408.548,410.048,1.5,59,78,Thumb,0,1
408.848,410.246,1.398,47,78,Thumb,0,1
410.348,410.546,0.198,60,78,Thumb,0,1
407.348,410.948,3.6,54,78,Thumb,0,1
410.048,411.248,1.2,59,78,Thumb,0,1
411.528,411.745,0.217,60,78,Thumb,0,1
411.807,412.057,0.251,58,78,Thumb,0,1
412.121,412.371,0.251,60,78,Thumb,0,1
411.248,412.436,1.188,59,78,Thumb,0,1
412.769,413.035,0.267,60,78,Thumb,0,1
413.103,413.385,0.283,58,78,Thumb,0,1
413.456,413.868,0.412,60,78,Thumb,0,1
412.436,414.066,1.63,59,78,Thumb,0,1
410.648,414.373,3.724,47,78,Thumb,0,1
410.948,414.489,3.54,54,78,Thumb,0,1
414.866,415.611,0.745,47,78,Thumb,0,1
414.489,415.637,1.148,54,78,Thumb,0,1
415.334,415.886,0.553,51,78,Thumb,0,1
414.066,415.943,1.878,59,78,Thumb,0,1
416.342,416.86,0.518,63,72,Thumb,0,1
415.943,416.984,1.041,59,74,Thumb,0,1
416.66,417.184,0.524,66,70,Thumb,0,1
417.31,417.919,0.609,63,66,Thumb,0,1
417.645,418.242,0.597,66,64,Thumb,0,1
417.981,418.638,0.657,71,62,Thumb,0,1
418.329,418.977,0.648,75,60,Thumb,0,1
415.637,419.153,3.516,54,76,Thumb,0,1
416.984,419.221,2.237,59,68,Thumb,0,1
418.68,419.526,0.846,78,59,Thumb,0,1
419.43,421.026,1.596,71,57,Thumb,0,1
419.36,421.061,1.701,66,57,Thumb,0,1
419.291,421.066,1.775,63,57,Thumb,0,1
419.082,421.136,2.054,47,57,Thumb,0,1
0.0,0.5,0.5,69,0,shadow,0,15
